date_id,full_date,day,month,year,quarter,week,is_weekend,month_name,period_type
1,2023-01-01,1,1,2023,1,52.0,True,January,Day
2,2023-01-02,2,1,2023,1,1.0,False,January,Day
3,2023-01-03,3,1,2023,1,1.0,False,January,Day
4,2023-01-04,4,1,2023,1,1.0,False,January,Day
5,2023-01-05,5,1,2023,1,1.0,False,January,Day
6,2023-01-06,6,1,2023,1,1.0,False,January,Day
7,2023-01-07,7,1,2023,1,1.0,True,January,Day
8,2023-01-08,8,1,2023,1,1.0,True,January,Day
9,2023-01-09,9,1,2023,1,2.0,False,January,Day
10,2023-01-10,10,1,2023,1,2.0,False,January,Day
11,2023-01-11,11,1,2023,1,2.0,False,January,Day
12,2023-01-12,12,1,2023,1,2.0,False,January,Day
13,2023-01-13,13,1,2023,1,2.0,False,January,Day
14,2023-01-14,14,1,2023,1,2.0,True,January,Day
15,2023-01-15,15,1,2023,1,2.0,True,January,Day
16,2023-01-16,16,1,2023,1,3.0,False,January,Day
17,2023-01-17,17,1,2023,1,3.0,False,January,Day
18,2023-01-18,18,1,2023,1,3.0,False,January,Day
19,2023-01-19,19,1,2023,1,3.0,False,January,Day
20,2023-01-20,20,1,2023,1,3.0,False,January,Day
21,2023-01-21,21,1,2023,1,3.0,True,January,Day
22,2023-01-22,22,1,2023,1,3.0,True,January,Day
23,2023-01-23,23,1,2023,1,4.0,False,January,Day
24,2023-01-24,24,1,2023,1,4.0,False,January,Day
25,2023-01-25,25,1,2023,1,4.0,False,January,Day
26,2023-01-26,26,1,2023,1,4.0,False,January,Day
27,2023-01-27,27,1,2023,1,4.0,False,January,Day
28,2023-01-28,28,1,2023,1,4.0,True,January,Day
29,2023-01-29,29,1,2023,1,4.0,True,January,Day
30,2023-01-30,30,1,2023,1,5.0,False,January,Day
31,2023-01-31,31,1,2023,1,5.0,False,January,Day
32,2023-02-01,1,2,2023,1,5.0,False,February,Day
33,2023-02-02,2,2,2023,1,5.0,False,February,Day
34,2023-02-03,3,2,2023,1,5.0,False,February,Day
35,2023-02-04,4,2,2023,1,5.0,True,February,Day
36,2023-02-05,5,2,2023,1,5.0,True,February,Day
37,2023-02-06,6,2,2023,1,6.0,False,February,Day
38,2023-02-07,7,2,2023,1,6.0,False,February,Day
39,2023-02-08,8,2,2023,1,6.0,False,February,Day
40,2023-02-09,9,2,2023,1,6.0,False,February,Day
41,2023-02-10,10,2,2023,1,6.0,False,February,Day
42,2023-02-11,11,2,2023,1,6.0,True,February,Day
43,2023-02-12,12,2,2023,1,6.0,True,February,Day
44,2023-02-13,13,2,2023,1,7.0,False,February,Day
45,2023-02-14,14,2,2023,1,7.0,False,February,Day
46,2023-02-15,15,2,2023,1,7.0,False,February,Day
47,2023-02-16,16,2,2023,1,7.0,False,February,Day
48,2023-02-17,17,2,2023,1,7.0,False,February,Day
49,2023-02-18,18,2,2023,1,7.0,True,February,Day
50,2023-02-19,19,2,2023,1,7.0,True,February,Day
51,2023-02-20,20,2,2023,1,8.0,False,February,Day
52,2023-02-21,21,2,2023,1,8.0,False,February,Day
53,2023-02-22,22,2,2023,1,8.0,False,February,Day
54,2023-02-23,23,2,2023,1,8.0,False,February,Day
55,2023-02-24,24,2,2023,1,8.0,False,February,Day
56,2023-02-25,25,2,2023,1,8.0,True,February,Day
57,2023-02-26,26,2,2023,1,8.0,True,February,Day
58,2023-02-27,27,2,2023,1,9.0,False,February,Day
59,2023-02-28,28,2,2023,1,9.0,False,February,Day
60,2023-03-01,1,3,2023,1,9.0,False,March,Day
61,2023-03-02,2,3,2023,1,9.0,False,March,Day
62,2023-03-03,3,3,2023,1,9.0,False,March,Day
63,2023-03-04,4,3,2023,1,9.0,True,March,Day
64,2023-03-05,5,3,2023,1,9.0,True,March,Day
65,2023-03-06,6,3,2023,1,10.0,False,March,Day
66,2023-03-07,7,3,2023,1,10.0,False,March,Day
67,2023-03-08,8,3,2023,1,10.0,False,March,Day
68,2023-03-09,9,3,2023,1,10.0,False,March,Day
69,2023-03-10,10,3,2023,1,10.0,False,March,Day
70,2023-03-11,11,3,2023,1,10.0,True,March,Day
71,2023-03-12,12,3,2023,1,10.0,True,March,Day
72,2023-03-13,13,3,2023,1,11.0,False,March,Day
73,2023-03-14,14,3,2023,1,11.0,False,March,Day
74,2023-03-15,15,3,2023,1,11.0,False,March,Day
75,2023-03-16,16,3,2023,1,11.0,False,March,Day
76,2023-03-17,17,3,2023,1,11.0,False,March,Day
77,2023-03-18,18,3,2023,1,11.0,True,March,Day
78,2023-03-19,19,3,2023,1,11.0,True,March,Day
79,2023-03-20,20,3,2023,1,12.0,False,March,Day
80,2023-03-21,21,3,2023,1,12.0,False,March,Day
81,2023-03-22,22,3,2023,1,12.0,False,March,Day
82,2023-03-23,23,3,2023,1,12.0,False,March,Day
83,2023-03-24,24,3,2023,1,12.0,False,March,Day
84,2023-03-25,25,3,2023,1,12.0,True,March,Day
85,2023-03-26,26,3,2023,1,12.0,True,March,Day
86,2023-03-27,27,3,2023,1,13.0,False,March,Day
87,2023-03-28,28,3,2023,1,13.0,False,March,Day
88,2023-03-29,29,3,2023,1,13.0,False,March,Day
89,2023-03-30,30,3,2023,1,13.0,False,March,Day
90,2023-03-31,31,3,2023,1,13.0,False,March,Day
91,2023-04-01,1,4,2023,2,13.0,True,April,Day
92,2023-04-02,2,4,2023,2,13.0,True,April,Day
93,2023-04-03,3,4,2023,2,14.0,False,April,Day
94,2023-04-04,4,4,2023,2,14.0,False,April,Day
95,2023-04-05,5,4,2023,2,14.0,False,April,Day
96,2023-04-06,6,4,2023,2,14.0,False,April,Day
97,2023-04-07,7,4,2023,2,14.0,False,April,Day
98,2023-04-08,8,4,2023,2,14.0,True,April,Day
99,2023-04-09,9,4,2023,2,14.0,True,April,Day
100,2023-04-10,10,4,2023,2,15.0,False,April,Day
101,2023-04-11,11,4,2023,2,15.0,False,April,Day
102,2023-04-12,12,4,2023,2,15.0,False,April,Day
103,2023-04-13,13,4,2023,2,15.0,False,April,Day
104,2023-04-14,14,4,2023,2,15.0,False,April,Day
105,2023-04-15,15,4,2023,2,15.0,True,April,Day
106,2023-04-16,16,4,2023,2,15.0,True,April,Day
107,2023-04-17,17,4,2023,2,16.0,False,April,Day
108,2023-04-18,18,4,2023,2,16.0,False,April,Day
109,2023-04-19,19,4,2023,2,16.0,False,April,Day
110,2023-04-20,20,4,2023,2,16.0,False,April,Day
111,2023-04-21,21,4,2023,2,16.0,False,April,Day
112,2023-04-22,22,4,2023,2,16.0,True,April,Day
113,2023-04-23,23,4,2023,2,16.0,True,April,Day
114,2023-04-24,24,4,2023,2,17.0,False,April,Day
115,2023-04-25,25,4,2023,2,17.0,False,April,Day
116,2023-04-26,26,4,2023,2,17.0,False,April,Day
117,2023-04-27,27,4,2023,2,17.0,False,April,Day
118,2023-04-28,28,4,2023,2,17.0,False,April,Day
119,2023-04-29,29,4,2023,2,17.0,True,April,Day
120,2023-04-30,30,4,2023,2,17.0,True,April,Day
121,2023-05-01,1,5,2023,2,18.0,False,May,Day
122,2023-05-02,2,5,2023,2,18.0,False,May,Day
123,2023-05-03,3,5,2023,2,18.0,False,May,Day
124,2023-05-04,4,5,2023,2,18.0,False,May,Day
125,2023-05-05,5,5,2023,2,18.0,False,May,Day
126,2023-05-06,6,5,2023,2,18.0,True,May,Day
127,2023-05-07,7,5,2023,2,18.0,True,May,Day
128,2023-05-08,8,5,2023,2,19.0,False,May,Day
129,2023-05-09,9,5,2023,2,19.0,False,May,Day
130,2023-05-10,10,5,2023,2,19.0,False,May,Day
131,2023-05-11,11,5,2023,2,19.0,False,May,Day
132,2023-05-12,12,5,2023,2,19.0,False,May,Day
133,2023-05-13,13,5,2023,2,19.0,True,May,Day
134,2023-05-14,14,5,2023,2,19.0,True,May,Day
135,2023-05-15,15,5,2023,2,20.0,False,May,Day
136,2023-05-16,16,5,2023,2,20.0,False,May,Day
137,2023-05-17,17,5,2023,2,20.0,False,May,Day
138,2023-05-18,18,5,2023,2,20.0,False,May,Day
139,2023-05-19,19,5,2023,2,20.0,False,May,Day
140,2023-05-20,20,5,2023,2,20.0,True,May,Day
141,2023-05-21,21,5,2023,2,20.0,True,May,Day
142,2023-05-22,22,5,2023,2,21.0,False,May,Day
143,2023-05-23,23,5,2023,2,21.0,False,May,Day
144,2023-05-24,24,5,2023,2,21.0,False,May,Day
145,2023-05-25,25,5,2023,2,21.0,False,May,Day
146,2023-05-26,26,5,2023,2,21.0,False,May,Day
147,2023-05-27,27,5,2023,2,21.0,True,May,Day
148,2023-05-28,28,5,2023,2,21.0,True,May,Day
149,2023-05-29,29,5,2023,2,22.0,False,May,Day
150,2023-05-30,30,5,2023,2,22.0,False,May,Day
151,2023-05-31,31,5,2023,2,22.0,False,May,Day
152,2023-06-01,1,6,2023,2,22.0,False,June,Day
153,2023-06-02,2,6,2023,2,22.0,False,June,Day
154,2023-06-03,3,6,2023,2,22.0,True,June,Day
155,2023-06-04,4,6,2023,2,22.0,True,June,Day
156,2023-06-05,5,6,2023,2,23.0,False,June,Day
157,2023-06-06,6,6,2023,2,23.0,False,June,Day
158,2023-06-07,7,6,2023,2,23.0,False,June,Day
159,2023-06-08,8,6,2023,2,23.0,False,June,Day
160,2023-06-09,9,6,2023,2,23.0,False,June,Day
161,2023-06-10,10,6,2023,2,23.0,True,June,Day
162,2023-06-11,11,6,2023,2,23.0,True,June,Day
163,2023-06-12,12,6,2023,2,24.0,False,June,Day
164,2023-06-13,13,6,2023,2,24.0,False,June,Day
165,2023-06-14,14,6,2023,2,24.0,False,June,Day
166,2023-06-15,15,6,2023,2,24.0,False,June,Day
167,2023-06-16,16,6,2023,2,24.0,False,June,Day
168,2023-06-17,17,6,2023,2,24.0,True,June,Day
169,2023-06-18,18,6,2023,2,24.0,True,June,Day
170,2023-06-19,19,6,2023,2,25.0,False,June,Day
171,2023-06-20,20,6,2023,2,25.0,False,June,Day
172,2023-06-21,21,6,2023,2,25.0,False,June,Day
173,2023-06-22,22,6,2023,2,25.0,False,June,Day
174,2023-06-23,23,6,2023,2,25.0,False,June,Day
175,2023-06-24,24,6,2023,2,25.0,True,June,Day
176,2023-06-25,25,6,2023,2,25.0,True,June,Day
177,2023-06-26,26,6,2023,2,26.0,False,June,Day
178,2023-06-27,27,6,2023,2,26.0,False,June,Day
179,2023-06-28,28,6,2023,2,26.0,False,June,Day
180,2023-06-29,29,6,2023,2,26.0,False,June,Day
181,2023-06-30,30,6,2023,2,26.0,False,June,Day
182,2023-07-01,1,7,2023,3,26.0,True,July,Day
183,2023-07-02,2,7,2023,3,26.0,True,July,Day
184,2023-07-03,3,7,2023,3,27.0,False,July,Day
185,2023-07-04,4,7,2023,3,27.0,False,July,Day
186,2023-07-05,5,7,2023,3,27.0,False,July,Day
187,2023-07-06,6,7,2023,3,27.0,False,July,Day
188,2023-07-07,7,7,2023,3,27.0,False,July,Day
189,2023-07-08,8,7,2023,3,27.0,True,July,Day
190,2023-07-09,9,7,2023,3,27.0,True,July,Day
191,2023-07-10,10,7,2023,3,28.0,False,July,Day
192,2023-07-11,11,7,2023,3,28.0,False,July,Day
193,2023-07-12,12,7,2023,3,28.0,False,July,Day
194,2023-07-13,13,7,2023,3,28.0,False,July,Day
195,2023-07-14,14,7,2023,3,28.0,False,July,Day
196,2023-07-15,15,7,2023,3,28.0,True,July,Day
197,2023-07-16,16,7,2023,3,28.0,True,July,Day
198,2023-07-17,17,7,2023,3,29.0,False,July,Day
199,2023-07-18,18,7,2023,3,29.0,False,July,Day
200,2023-07-19,19,7,2023,3,29.0,False,July,Day
201,2023-07-20,20,7,2023,3,29.0,False,July,Day
202,2023-07-21,21,7,2023,3,29.0,False,July,Day
203,2023-07-22,22,7,2023,3,29.0,True,July,Day
204,2023-07-23,23,7,2023,3,29.0,True,July,Day
205,2023-07-24,24,7,2023,3,30.0,False,July,Day
206,2023-07-25,25,7,2023,3,30.0,False,July,Day
207,2023-07-26,26,7,2023,3,30.0,False,July,Day
208,2023-07-27,27,7,2023,3,30.0,False,July,Day
209,2023-07-28,28,7,2023,3,30.0,False,July,Day
210,2023-07-29,29,7,2023,3,30.0,True,July,Day
211,2023-07-30,30,7,2023,3,30.0,True,July,Day
212,2023-07-31,31,7,2023,3,31.0,False,July,Day
213,2023-08-01,1,8,2023,3,31.0,False,August,Day
214,2023-08-02,2,8,2023,3,31.0,False,August,Day
215,2023-08-03,3,8,2023,3,31.0,False,August,Day
216,2023-08-04,4,8,2023,3,31.0,False,August,Day
217,2023-08-05,5,8,2023,3,31.0,True,August,Day
218,2023-08-06,6,8,2023,3,31.0,True,August,Day
219,2023-08-07,7,8,2023,3,32.0,False,August,Day
220,2023-08-08,8,8,2023,3,32.0,False,August,Day
221,2023-08-09,9,8,2023,3,32.0,False,August,Day
222,2023-08-10,10,8,2023,3,32.0,False,August,Day
223,2023-08-11,11,8,2023,3,32.0,False,August,Day
224,2023-08-12,12,8,2023,3,32.0,True,August,Day
225,2023-08-13,13,8,2023,3,32.0,True,August,Day
226,2023-08-14,14,8,2023,3,33.0,False,August,Day
227,2023-08-15,15,8,2023,3,33.0,False,August,Day
228,2023-08-16,16,8,2023,3,33.0,False,August,Day
229,2023-08-17,17,8,2023,3,33.0,False,August,Day
230,2023-08-18,18,8,2023,3,33.0,False,August,Day
231,2023-08-19,19,8,2023,3,33.0,True,August,Day
232,2023-08-20,20,8,2023,3,33.0,True,August,Day
233,2023-08-21,21,8,2023,3,34.0,False,August,Day
234,2023-08-22,22,8,2023,3,34.0,False,August,Day
235,2023-08-23,23,8,2023,3,34.0,False,August,Day
236,2023-08-24,24,8,2023,3,34.0,False,August,Day
237,2023-08-25,25,8,2023,3,34.0,False,August,Day
238,2023-08-26,26,8,2023,3,34.0,True,August,Day
239,2023-08-27,27,8,2023,3,34.0,True,August,Day
240,2023-08-28,28,8,2023,3,35.0,False,August,Day
241,2023-08-29,29,8,2023,3,35.0,False,August,Day
242,2023-08-30,30,8,2023,3,35.0,False,August,Day
243,2023-08-31,31,8,2023,3,35.0,False,August,Day
244,2023-09-01,1,9,2023,3,35.0,False,September,Day
245,2023-09-02,2,9,2023,3,35.0,True,September,Day
246,2023-09-03,3,9,2023,3,35.0,True,September,Day
247,2023-09-04,4,9,2023,3,36.0,False,September,Day
248,2023-09-05,5,9,2023,3,36.0,False,September,Day
249,2023-09-06,6,9,2023,3,36.0,False,September,Day
250,2023-09-07,7,9,2023,3,36.0,False,September,Day
251,2023-09-08,8,9,2023,3,36.0,False,September,Day
252,2023-09-09,9,9,2023,3,36.0,True,September,Day
253,2023-09-10,10,9,2023,3,36.0,True,September,Day
254,2023-09-11,11,9,2023,3,37.0,False,September,Day
255,2023-09-12,12,9,2023,3,37.0,False,September,Day
256,2023-09-13,13,9,2023,3,37.0,False,September,Day
257,2023-09-14,14,9,2023,3,37.0,False,September,Day
258,2023-09-15,15,9,2023,3,37.0,False,September,Day
259,2023-09-16,16,9,2023,3,37.0,True,September,Day
260,2023-09-17,17,9,2023,3,37.0,True,September,Day
261,2023-09-18,18,9,2023,3,38.0,False,September,Day
262,2023-09-19,19,9,2023,3,38.0,False,September,Day
263,2023-09-20,20,9,2023,3,38.0,False,September,Day
264,2023-09-21,21,9,2023,3,38.0,False,September,Day
265,2023-09-22,22,9,2023,3,38.0,False,September,Day
266,2023-09-23,23,9,2023,3,38.0,True,September,Day
267,2023-09-24,24,9,2023,3,38.0,True,September,Day
268,2023-09-25,25,9,2023,3,39.0,False,September,Day
269,2023-09-26,26,9,2023,3,39.0,False,September,Day
270,2023-09-27,27,9,2023,3,39.0,False,September,Day
271,2023-09-28,28,9,2023,3,39.0,False,September,Day
272,2023-09-29,29,9,2023,3,39.0,False,September,Day
273,2023-09-30,30,9,2023,3,39.0,True,September,Day
274,2023-10-01,1,10,2023,4,39.0,True,October,Day
275,2023-10-02,2,10,2023,4,40.0,False,October,Day
276,2023-10-03,3,10,2023,4,40.0,False,October,Day
277,2023-10-04,4,10,2023,4,40.0,False,October,Day
278,2023-10-05,5,10,2023,4,40.0,False,October,Day
279,2023-10-06,6,10,2023,4,40.0,False,October,Day
280,2023-10-07,7,10,2023,4,40.0,True,October,Day
281,2023-10-08,8,10,2023,4,40.0,True,October,Day
282,2023-10-09,9,10,2023,4,41.0,False,October,Day
283,2023-10-10,10,10,2023,4,41.0,False,October,Day
284,2023-10-11,11,10,2023,4,41.0,False,October,Day
285,2023-10-12,12,10,2023,4,41.0,False,October,Day
286,2023-10-13,13,10,2023,4,41.0,False,October,Day
287,2023-10-14,14,10,2023,4,41.0,True,October,Day
288,2023-10-15,15,10,2023,4,41.0,True,October,Day
289,2023-10-16,16,10,2023,4,42.0,False,October,Day
290,2023-10-17,17,10,2023,4,42.0,False,October,Day
291,2023-10-18,18,10,2023,4,42.0,False,October,Day
292,2023-10-19,19,10,2023,4,42.0,False,October,Day
293,2023-10-20,20,10,2023,4,42.0,False,October,Day
294,2023-10-21,21,10,2023,4,42.0,True,October,Day
295,2023-10-22,22,10,2023,4,42.0,True,October,Day
296,2023-10-23,23,10,2023,4,43.0,False,October,Day
297,2023-10-24,24,10,2023,4,43.0,False,October,Day
298,2023-10-25,25,10,2023,4,43.0,False,October,Day
299,2023-10-26,26,10,2023,4,43.0,False,October,Day
300,2023-10-27,27,10,2023,4,43.0,False,October,Day
301,2023-10-28,28,10,2023,4,43.0,True,October,Day
302,2023-10-29,29,10,2023,4,43.0,True,October,Day
303,2023-10-30,30,10,2023,4,44.0,False,October,Day
304,2023-10-31,31,10,2023,4,44.0,False,October,Day
305,2023-11-01,1,11,2023,4,44.0,False,November,Day
306,2023-11-02,2,11,2023,4,44.0,False,November,Day
307,2023-11-03,3,11,2023,4,44.0,False,November,Day
308,2023-11-04,4,11,2023,4,44.0,True,November,Day
309,2023-11-05,5,11,2023,4,44.0,True,November,Day
310,2023-11-06,6,11,2023,4,45.0,False,November,Day
311,2023-11-07,7,11,2023,4,45.0,False,November,Day
312,2023-11-08,8,11,2023,4,45.0,False,November,Day
313,2023-11-09,9,11,2023,4,45.0,False,November,Day
314,2023-11-10,10,11,2023,4,45.0,False,November,Day
315,2023-11-11,11,11,2023,4,45.0,True,November,Day
316,2023-11-12,12,11,2023,4,45.0,True,November,Day
317,2023-11-13,13,11,2023,4,46.0,False,November,Day
318,2023-11-14,14,11,2023,4,46.0,False,November,Day
319,2023-11-15,15,11,2023,4,46.0,False,November,Day
320,2023-11-16,16,11,2023,4,46.0,False,November,Day
321,2023-11-17,17,11,2023,4,46.0,False,November,Day
322,2023-11-18,18,11,2023,4,46.0,True,November,Day
323,2023-11-19,19,11,2023,4,46.0,True,November,Day
324,2023-11-20,20,11,2023,4,47.0,False,November,Day
325,2023-11-21,21,11,2023,4,47.0,False,November,Day
326,2023-11-22,22,11,2023,4,47.0,False,November,Day
327,2023-11-23,23,11,2023,4,47.0,False,November,Day
328,2023-11-24,24,11,2023,4,47.0,False,November,Day
329,2023-11-25,25,11,2023,4,47.0,True,November,Day
330,2023-11-26,26,11,2023,4,47.0,True,November,Day
331,2023-11-27,27,11,2023,4,48.0,False,November,Day
332,2023-11-28,28,11,2023,4,48.0,False,November,Day
333,2023-11-29,29,11,2023,4,48.0,False,November,Day
334,2023-11-30,30,11,2023,4,48.0,False,November,Day
335,2023-12-01,1,12,2023,4,48.0,False,December,Day
336,2023-12-02,2,12,2023,4,48.0,True,December,Day
337,2023-12-03,3,12,2023,4,48.0,True,December,Day
338,2023-12-04,4,12,2023,4,49.0,False,December,Day
339,2023-12-05,5,12,2023,4,49.0,False,December,Day
340,2023-12-06,6,12,2023,4,49.0,False,December,Day
341,2023-12-07,7,12,2023,4,49.0,False,December,Day
342,2023-12-08,8,12,2023,4,49.0,False,December,Day
343,2023-12-09,9,12,2023,4,49.0,True,December,Day
344,2023-12-10,10,12,2023,4,49.0,True,December,Day
345,2023-12-11,11,12,2023,4,50.0,False,December,Day
346,2023-12-12,12,12,2023,4,50.0,False,December,Day
347,2023-12-13,13,12,2023,4,50.0,False,December,Day
348,2023-12-14,14,12,2023,4,50.0,False,December,Day
349,2023-12-15,15,12,2023,4,50.0,False,December,Day
350,2023-12-16,16,12,2023,4,50.0,True,December,Day
351,2023-12-17,17,12,2023,4,50.0,True,December,Day
352,2023-12-18,18,12,2023,4,51.0,False,December,Day
353,2023-12-19,19,12,2023,4,51.0,False,December,Day
354,2023-12-20,20,12,2023,4,51.0,False,December,Day
355,2023-12-21,21,12,2023,4,51.0,False,December,Day
356,2023-12-22,22,12,2023,4,51.0,False,December,Day
357,2023-12-23,23,12,2023,4,51.0,True,December,Day
358,2023-12-24,24,12,2023,4,51.0,True,December,Day
359,2023-12-25,25,12,2023,4,52.0,False,December,Day
360,2023-12-26,26,12,2023,4,52.0,False,December,Day
361,2023-12-27,27,12,2023,4,52.0,False,December,Day
362,2023-12-28,28,12,2023,4,52.0,False,December,Day
363,2023-12-29,29,12,2023,4,52.0,False,December,Day
364,2023-12-30,30,12,2023,4,52.0,True,December,Day
365,2023-12-31,31,12,2023,4,52.0,True,December,Day
366,2024-01-01,1,1,2024,1,1.0,False,January,Day
367,2024-01-02,2,1,2024,1,1.0,False,January,Day
368,2024-01-03,3,1,2024,1,1.0,False,January,Day
369,2024-01-04,4,1,2024,1,1.0,False,January,Day
370,2024-01-05,5,1,2024,1,1.0,False,January,Day
371,2024-01-06,6,1,2024,1,1.0,True,January,Day
372,2024-01-07,7,1,2024,1,1.0,True,January,Day
373,2024-01-08,8,1,2024,1,2.0,False,January,Day
374,2024-01-09,9,1,2024,1,2.0,False,January,Day
375,2024-01-10,10,1,2024,1,2.0,False,January,Day
376,2024-01-11,11,1,2024,1,2.0,False,January,Day
377,2024-01-12,12,1,2024,1,2.0,False,January,Day
378,2024-01-13,13,1,2024,1,2.0,True,January,Day
379,2024-01-14,14,1,2024,1,2.0,True,January,Day
380,2024-01-15,15,1,2024,1,3.0,False,January,Day
381,2024-01-16,16,1,2024,1,3.0,False,January,Day
382,2024-01-17,17,1,2024,1,3.0,False,January,Day
383,2024-01-18,18,1,2024,1,3.0,False,January,Day
384,2024-01-19,19,1,2024,1,3.0,False,January,Day
385,2024-01-20,20,1,2024,1,3.0,True,January,Day
386,2024-01-21,21,1,2024,1,3.0,True,January,Day
387,2024-01-22,22,1,2024,1,4.0,False,January,Day
388,2024-01-23,23,1,2024,1,4.0,False,January,Day
389,2024-01-24,24,1,2024,1,4.0,False,January,Day
390,2024-01-25,25,1,2024,1,4.0,False,January,Day
391,2024-01-26,26,1,2024,1,4.0,False,January,Day
392,2024-01-27,27,1,2024,1,4.0,True,January,Day
393,2024-01-28,28,1,2024,1,4.0,True,January,Day
394,2024-01-29,29,1,2024,1,5.0,False,January,Day
395,2024-01-30,30,1,2024,1,5.0,False,January,Day
396,2024-01-31,31,1,2024,1,5.0,False,January,Day
397,2024-02-01,1,2,2024,1,5.0,False,February,Day
398,2024-02-02,2,2,2024,1,5.0,False,February,Day
399,2024-02-03,3,2,2024,1,5.0,True,February,Day
400,2024-02-04,4,2,2024,1,5.0,True,February,Day
401,2024-02-05,5,2,2024,1,6.0,False,February,Day
402,2024-02-06,6,2,2024,1,6.0,False,February,Day
403,2024-02-07,7,2,2024,1,6.0,False,February,Day
404,2024-02-08,8,2,2024,1,6.0,False,February,Day
405,2024-02-09,9,2,2024,1,6.0,False,February,Day
406,2024-02-10,10,2,2024,1,6.0,True,February,Day
407,2024-02-11,11,2,2024,1,6.0,True,February,Day
408,2024-02-12,12,2,2024,1,7.0,False,February,Day
409,2024-02-13,13,2,2024,1,7.0,False,February,Day
410,2024-02-14,14,2,2024,1,7.0,False,February,Day
411,2024-02-15,15,2,2024,1,7.0,False,February,Day
412,2024-02-16,16,2,2024,1,7.0,False,February,Day
413,2024-02-17,17,2,2024,1,7.0,True,February,Day
414,2024-02-18,18,2,2024,1,7.0,True,February,Day
415,2024-02-19,19,2,2024,1,8.0,False,February,Day
416,2024-02-20,20,2,2024,1,8.0,False,February,Day
417,2024-02-21,21,2,2024,1,8.0,False,February,Day
418,2024-02-22,22,2,2024,1,8.0,False,February,Day
419,2024-02-23,23,2,2024,1,8.0,False,February,Day
420,2024-02-24,24,2,2024,1,8.0,True,February,Day
421,2024-02-25,25,2,2024,1,8.0,True,February,Day
422,2024-02-26,26,2,2024,1,9.0,False,February,Day
423,2024-02-27,27,2,2024,1,9.0,False,February,Day
424,2024-02-28,28,2,2024,1,9.0,False,February,Day
425,2024-02-29,29,2,2024,1,9.0,False,February,Day
426,2024-03-01,1,3,2024,1,9.0,False,March,Day
427,2024-03-02,2,3,2024,1,9.0,True,March,Day
428,2024-03-03,3,3,2024,1,9.0,True,March,Day
429,2024-03-04,4,3,2024,1,10.0,False,March,Day
430,2024-03-05,5,3,2024,1,10.0,False,March,Day
431,2024-03-06,6,3,2024,1,10.0,False,March,Day
432,2024-03-07,7,3,2024,1,10.0,False,March,Day
433,2024-03-08,8,3,2024,1,10.0,False,March,Day
434,2024-03-09,9,3,2024,1,10.0,True,March,Day
435,2024-03-10,10,3,2024,1,10.0,True,March,Day
436,2024-03-11,11,3,2024,1,11.0,False,March,Day
437,2024-03-12,12,3,2024,1,11.0,False,March,Day
438,2024-03-13,13,3,2024,1,11.0,False,March,Day
439,2024-03-14,14,3,2024,1,11.0,False,March,Day
440,2024-03-15,15,3,2024,1,11.0,False,March,Day
441,2024-03-16,16,3,2024,1,11.0,True,March,Day
442,2024-03-17,17,3,2024,1,11.0,True,March,Day
443,2024-03-18,18,3,2024,1,12.0,False,March,Day
444,2024-03-19,19,3,2024,1,12.0,False,March,Day
445,2024-03-20,20,3,2024,1,12.0,False,March,Day
446,2024-03-21,21,3,2024,1,12.0,False,March,Day
447,2024-03-22,22,3,2024,1,12.0,False,March,Day
448,2024-03-23,23,3,2024,1,12.0,True,March,Day
449,2024-03-24,24,3,2024,1,12.0,True,March,Day
450,2024-03-25,25,3,2024,1,13.0,False,March,Day
451,2024-03-26,26,3,2024,1,13.0,False,March,Day
452,2024-03-27,27,3,2024,1,13.0,False,March,Day
453,2024-03-28,28,3,2024,1,13.0,False,March,Day
454,2024-03-29,29,3,2024,1,13.0,False,March,Day
455,2024-03-30,30,3,2024,1,13.0,True,March,Day
456,2024-03-31,31,3,2024,1,13.0,True,March,Day
457,2024-04-01,1,4,2024,2,14.0,False,April,Day
458,2024-04-02,2,4,2024,2,14.0,False,April,Day
459,2024-04-03,3,4,2024,2,14.0,False,April,Day
460,2024-04-04,4,4,2024,2,14.0,False,April,Day
461,2024-04-05,5,4,2024,2,14.0,False,April,Day
462,2024-04-06,6,4,2024,2,14.0,True,April,Day
463,2024-04-07,7,4,2024,2,14.0,True,April,Day
464,2024-04-08,8,4,2024,2,15.0,False,April,Day
465,2024-04-09,9,4,2024,2,15.0,False,April,Day
466,2024-04-10,10,4,2024,2,15.0,False,April,Day
467,2024-04-11,11,4,2024,2,15.0,False,April,Day
468,2024-04-12,12,4,2024,2,15.0,False,April,Day
469,2024-04-13,13,4,2024,2,15.0,True,April,Day
470,2024-04-14,14,4,2024,2,15.0,True,April,Day
471,2024-04-15,15,4,2024,2,16.0,False,April,Day
472,2024-04-16,16,4,2024,2,16.0,False,April,Day
473,2024-04-17,17,4,2024,2,16.0,False,April,Day
474,2024-04-18,18,4,2024,2,16.0,False,April,Day
475,2024-04-19,19,4,2024,2,16.0,False,April,Day
476,2024-04-20,20,4,2024,2,16.0,True,April,Day
477,2024-04-21,21,4,2024,2,16.0,True,April,Day
478,2024-04-22,22,4,2024,2,17.0,False,April,Day
479,2024-04-23,23,4,2024,2,17.0,False,April,Day
480,2024-04-24,24,4,2024,2,17.0,False,April,Day
481,2024-04-25,25,4,2024,2,17.0,False,April,Day
482,2024-04-26,26,4,2024,2,17.0,False,April,Day
483,2024-04-27,27,4,2024,2,17.0,True,April,Day
484,2024-04-28,28,4,2024,2,17.0,True,April,Day
485,2024-04-29,29,4,2024,2,18.0,False,April,Day
486,2024-04-30,30,4,2024,2,18.0,False,April,Day
487,2024-05-01,1,5,2024,2,18.0,False,May,Day
488,2024-05-02,2,5,2024,2,18.0,False,May,Day
489,2024-05-03,3,5,2024,2,18.0,False,May,Day
490,2024-05-04,4,5,2024,2,18.0,True,May,Day
491,2024-05-05,5,5,2024,2,18.0,True,May,Day
492,2024-05-06,6,5,2024,2,19.0,False,May,Day
493,2024-05-07,7,5,2024,2,19.0,False,May,Day
494,2024-05-08,8,5,2024,2,19.0,False,May,Day
495,2024-05-09,9,5,2024,2,19.0,False,May,Day
496,2024-05-10,10,5,2024,2,19.0,False,May,Day
497,2024-05-11,11,5,2024,2,19.0,True,May,Day
498,2024-05-12,12,5,2024,2,19.0,True,May,Day
499,2024-05-13,13,5,2024,2,20.0,False,May,Day
500,2024-05-14,14,5,2024,2,20.0,False,May,Day
501,2024-05-15,15,5,2024,2,20.0,False,May,Day
502,2024-05-16,16,5,2024,2,20.0,False,May,Day
503,2024-05-17,17,5,2024,2,20.0,False,May,Day
504,2024-05-18,18,5,2024,2,20.0,True,May,Day
505,2024-05-19,19,5,2024,2,20.0,True,May,Day
506,2024-05-20,20,5,2024,2,21.0,False,May,Day
507,2024-05-21,21,5,2024,2,21.0,False,May,Day
508,2024-05-22,22,5,2024,2,21.0,False,May,Day
509,2024-05-23,23,5,2024,2,21.0,False,May,Day
510,2024-05-24,24,5,2024,2,21.0,False,May,Day
511,2024-05-25,25,5,2024,2,21.0,True,May,Day
512,2024-05-26,26,5,2024,2,21.0,True,May,Day
513,2024-05-27,27,5,2024,2,22.0,False,May,Day
514,2024-05-28,28,5,2024,2,22.0,False,May,Day
515,2024-05-29,29,5,2024,2,22.0,False,May,Day
516,2024-05-30,30,5,2024,2,22.0,False,May,Day
517,2024-05-31,31,5,2024,2,22.0,False,May,Day
518,2024-06-01,1,6,2024,2,22.0,True,June,Day
519,2024-06-02,2,6,2024,2,22.0,True,June,Day
520,2024-06-03,3,6,2024,2,23.0,False,June,Day
521,2024-06-04,4,6,2024,2,23.0,False,June,Day
522,2024-06-05,5,6,2024,2,23.0,False,June,Day
523,2024-06-06,6,6,2024,2,23.0,False,June,Day
524,2024-06-07,7,6,2024,2,23.0,False,June,Day
525,2024-06-08,8,6,2024,2,23.0,True,June,Day
526,2024-06-09,9,6,2024,2,23.0,True,June,Day
527,2024-06-10,10,6,2024,2,24.0,False,June,Day
528,2024-06-11,11,6,2024,2,24.0,False,June,Day
529,2024-06-12,12,6,2024,2,24.0,False,June,Day
530,2024-06-13,13,6,2024,2,24.0,False,June,Day
531,2024-06-14,14,6,2024,2,24.0,False,June,Day
532,2024-06-15,15,6,2024,2,24.0,True,June,Day
533,2024-06-16,16,6,2024,2,24.0,True,June,Day
534,2024-06-17,17,6,2024,2,25.0,False,June,Day
535,2024-06-18,18,6,2024,2,25.0,False,June,Day
536,2024-06-19,19,6,2024,2,25.0,False,June,Day
537,2024-06-20,20,6,2024,2,25.0,False,June,Day
538,2024-06-21,21,6,2024,2,25.0,False,June,Day
539,2024-06-22,22,6,2024,2,25.0,True,June,Day
540,2024-06-23,23,6,2024,2,25.0,True,June,Day
541,2024-06-24,24,6,2024,2,26.0,False,June,Day
542,2024-06-25,25,6,2024,2,26.0,False,June,Day
543,2024-06-26,26,6,2024,2,26.0,False,June,Day
544,2024-06-27,27,6,2024,2,26.0,False,June,Day
545,2024-06-28,28,6,2024,2,26.0,False,June,Day
546,2024-06-29,29,6,2024,2,26.0,True,June,Day
547,2024-06-30,30,6,2024,2,26.0,True,June,Day
548,2024-07-01,1,7,2024,3,27.0,False,July,Day
549,2024-07-02,2,7,2024,3,27.0,False,July,Day
550,2024-07-03,3,7,2024,3,27.0,False,July,Day
551,2024-07-04,4,7,2024,3,27.0,False,July,Day
552,2024-07-05,5,7,2024,3,27.0,False,July,Day
553,2024-07-06,6,7,2024,3,27.0,True,July,Day
554,2024-07-07,7,7,2024,3,27.0,True,July,Day
555,2024-07-08,8,7,2024,3,28.0,False,July,Day
556,2024-07-09,9,7,2024,3,28.0,False,July,Day
557,2024-07-10,10,7,2024,3,28.0,False,July,Day
558,2024-07-11,11,7,2024,3,28.0,False,July,Day
559,2024-07-12,12,7,2024,3,28.0,False,July,Day
560,2024-07-13,13,7,2024,3,28.0,True,July,Day
561,2024-07-14,14,7,2024,3,28.0,True,July,Day
562,2024-07-15,15,7,2024,3,29.0,False,July,Day
563,2024-07-16,16,7,2024,3,29.0,False,July,Day
564,2024-07-17,17,7,2024,3,29.0,False,July,Day
565,2024-07-18,18,7,2024,3,29.0,False,July,Day
566,2024-07-19,19,7,2024,3,29.0,False,July,Day
567,2024-07-20,20,7,2024,3,29.0,True,July,Day
568,2024-07-21,21,7,2024,3,29.0,True,July,Day
569,2024-07-22,22,7,2024,3,30.0,False,July,Day
570,2024-07-23,23,7,2024,3,30.0,False,July,Day
571,2024-07-24,24,7,2024,3,30.0,False,July,Day
572,2024-07-25,25,7,2024,3,30.0,False,July,Day
573,2024-07-26,26,7,2024,3,30.0,False,July,Day
574,2024-07-27,27,7,2024,3,30.0,True,July,Day
575,2024-07-28,28,7,2024,3,30.0,True,July,Day
576,2024-07-29,29,7,2024,3,31.0,False,July,Day
577,2024-07-30,30,7,2024,3,31.0,False,July,Day
578,2024-07-31,31,7,2024,3,31.0,False,July,Day
579,2024-08-01,1,8,2024,3,31.0,False,August,Day
580,2024-08-02,2,8,2024,3,31.0,False,August,Day
581,2024-08-03,3,8,2024,3,31.0,True,August,Day
582,2024-08-04,4,8,2024,3,31.0,True,August,Day
583,2024-08-05,5,8,2024,3,32.0,False,August,Day
584,2024-08-06,6,8,2024,3,32.0,False,August,Day
585,2024-08-07,7,8,2024,3,32.0,False,August,Day
586,2024-08-08,8,8,2024,3,32.0,False,August,Day
587,2024-08-09,9,8,2024,3,32.0,False,August,Day
588,2024-08-10,10,8,2024,3,32.0,True,August,Day
589,2024-08-11,11,8,2024,3,32.0,True,August,Day
590,2024-08-12,12,8,2024,3,33.0,False,August,Day
591,2024-08-13,13,8,2024,3,33.0,False,August,Day
592,2024-08-14,14,8,2024,3,33.0,False,August,Day
593,2024-08-15,15,8,2024,3,33.0,False,August,Day
594,2024-08-16,16,8,2024,3,33.0,False,August,Day
595,2024-08-17,17,8,2024,3,33.0,True,August,Day
596,2024-08-18,18,8,2024,3,33.0,True,August,Day
597,2024-08-19,19,8,2024,3,34.0,False,August,Day
598,2024-08-20,20,8,2024,3,34.0,False,August,Day
599,2024-08-21,21,8,2024,3,34.0,False,August,Day
600,2024-08-22,22,8,2024,3,34.0,False,August,Day
601,2024-08-23,23,8,2024,3,34.0,False,August,Day
602,2024-08-24,24,8,2024,3,34.0,True,August,Day
603,2024-08-25,25,8,2024,3,34.0,True,August,Day
604,2024-08-26,26,8,2024,3,35.0,False,August,Day
605,2024-08-27,27,8,2024,3,35.0,False,August,Day
606,2024-08-28,28,8,2024,3,35.0,False,August,Day
607,2024-08-29,29,8,2024,3,35.0,False,August,Day
608,2024-08-30,30,8,2024,3,35.0,False,August,Day
609,2024-08-31,31,8,2024,3,35.0,True,August,Day
610,2024-09-01,1,9,2024,3,35.0,True,September,Day
611,2024-09-02,2,9,2024,3,36.0,False,September,Day
612,2024-09-03,3,9,2024,3,36.0,False,September,Day
613,2024-09-04,4,9,2024,3,36.0,False,September,Day
614,2024-09-05,5,9,2024,3,36.0,False,September,Day
615,2024-09-06,6,9,2024,3,36.0,False,September,Day
616,2024-09-07,7,9,2024,3,36.0,True,September,Day
617,2024-09-08,8,9,2024,3,36.0,True,September,Day
618,2024-09-09,9,9,2024,3,37.0,False,September,Day
619,2024-09-10,10,9,2024,3,37.0,False,September,Day
620,2024-09-11,11,9,2024,3,37.0,False,September,Day
621,2024-09-12,12,9,2024,3,37.0,False,September,Day
622,2024-09-13,13,9,2024,3,37.0,False,September,Day
623,2024-09-14,14,9,2024,3,37.0,True,September,Day
624,2024-09-15,15,9,2024,3,37.0,True,September,Day
625,2024-09-16,16,9,2024,3,38.0,False,September,Day
626,2024-09-17,17,9,2024,3,38.0,False,September,Day
627,2024-09-18,18,9,2024,3,38.0,False,September,Day
628,2024-09-19,19,9,2024,3,38.0,False,September,Day
629,2024-09-20,20,9,2024,3,38.0,False,September,Day
630,2024-09-21,21,9,2024,3,38.0,True,September,Day
631,2024-09-22,22,9,2024,3,38.0,True,September,Day
632,2024-09-23,23,9,2024,3,39.0,False,September,Day
633,2024-09-24,24,9,2024,3,39.0,False,September,Day
634,2024-09-25,25,9,2024,3,39.0,False,September,Day
635,2024-09-26,26,9,2024,3,39.0,False,September,Day
636,2024-09-27,27,9,2024,3,39.0,False,September,Day
637,2024-09-28,28,9,2024,3,39.0,True,September,Day
638,2024-09-29,29,9,2024,3,39.0,True,September,Day
639,2024-09-30,30,9,2024,3,40.0,False,September,Day
640,2024-10-01,1,10,2024,4,40.0,False,October,Day
641,2024-10-02,2,10,2024,4,40.0,False,October,Day
642,2024-10-03,3,10,2024,4,40.0,False,October,Day
643,2024-10-04,4,10,2024,4,40.0,False,October,Day
644,2024-10-05,5,10,2024,4,40.0,True,October,Day
645,2024-10-06,6,10,2024,4,40.0,True,October,Day
646,2024-10-07,7,10,2024,4,41.0,False,October,Day
647,2024-10-08,8,10,2024,4,41.0,False,October,Day
648,2024-10-09,9,10,2024,4,41.0,False,October,Day
649,2024-10-10,10,10,2024,4,41.0,False,October,Day
650,2024-10-11,11,10,2024,4,41.0,False,October,Day
651,2024-10-12,12,10,2024,4,41.0,True,October,Day
652,2024-10-13,13,10,2024,4,41.0,True,October,Day
653,2024-10-14,14,10,2024,4,42.0,False,October,Day
654,2024-10-15,15,10,2024,4,42.0,False,October,Day
655,2024-10-16,16,10,2024,4,42.0,False,October,Day
656,2024-10-17,17,10,2024,4,42.0,False,October,Day
657,2024-10-18,18,10,2024,4,42.0,False,October,Day
658,2024-10-19,19,10,2024,4,42.0,True,October,Day
659,2024-10-20,20,10,2024,4,42.0,True,October,Day
660,2024-10-21,21,10,2024,4,43.0,False,October,Day
661,2024-10-22,22,10,2024,4,43.0,False,October,Day
662,2024-10-23,23,10,2024,4,43.0,False,October,Day
663,2024-10-24,24,10,2024,4,43.0,False,October,Day
664,2024-10-25,25,10,2024,4,43.0,False,October,Day
665,2024-10-26,26,10,2024,4,43.0,True,October,Day
666,2024-10-27,27,10,2024,4,43.0,True,October,Day
667,2024-10-28,28,10,2024,4,44.0,False,October,Day
668,2024-10-29,29,10,2024,4,44.0,False,October,Day
669,2024-10-30,30,10,2024,4,44.0,False,October,Day
670,2024-10-31,31,10,2024,4,44.0,False,October,Day
671,2024-11-01,1,11,2024,4,44.0,False,November,Day
672,2024-11-02,2,11,2024,4,44.0,True,November,Day
673,2024-11-03,3,11,2024,4,44.0,True,November,Day
674,2024-11-04,4,11,2024,4,45.0,False,November,Day
675,2024-11-05,5,11,2024,4,45.0,False,November,Day
676,2024-11-06,6,11,2024,4,45.0,False,November,Day
677,2024-11-07,7,11,2024,4,45.0,False,November,Day
678,2024-11-08,8,11,2024,4,45.0,False,November,Day
679,2024-11-09,9,11,2024,4,45.0,True,November,Day
680,2024-11-10,10,11,2024,4,45.0,True,November,Day
681,2024-11-11,11,11,2024,4,46.0,False,November,Day
682,2024-11-12,12,11,2024,4,46.0,False,November,Day
683,2024-11-13,13,11,2024,4,46.0,False,November,Day
684,2024-11-14,14,11,2024,4,46.0,False,November,Day
685,2024-11-15,15,11,2024,4,46.0,False,November,Day
686,2024-11-16,16,11,2024,4,46.0,True,November,Day
687,2024-11-17,17,11,2024,4,46.0,True,November,Day
688,2024-11-18,18,11,2024,4,47.0,False,November,Day
689,2024-11-19,19,11,2024,4,47.0,False,November,Day
690,2024-11-20,20,11,2024,4,47.0,False,November,Day
691,2024-11-21,21,11,2024,4,47.0,False,November,Day
692,2024-11-22,22,11,2024,4,47.0,False,November,Day
693,2024-11-23,23,11,2024,4,47.0,True,November,Day
694,2024-11-24,24,11,2024,4,47.0,True,November,Day
695,2024-11-25,25,11,2024,4,48.0,False,November,Day
696,2024-11-26,26,11,2024,4,48.0,False,November,Day
697,2024-11-27,27,11,2024,4,48.0,False,November,Day
698,2024-11-28,28,11,2024,4,48.0,False,November,Day
699,2024-11-29,29,11,2024,4,48.0,False,November,Day
700,2024-11-30,30,11,2024,4,48.0,True,November,Day
701,2024-12-01,1,12,2024,4,48.0,True,December,Day
702,2024-12-02,2,12,2024,4,49.0,False,December,Day
703,2024-12-03,3,12,2024,4,49.0,False,December,Day
704,2024-12-04,4,12,2024,4,49.0,False,December,Day
705,2024-12-05,5,12,2024,4,49.0,False,December,Day
706,2024-12-06,6,12,2024,4,49.0,False,December,Day
707,2024-12-07,7,12,2024,4,49.0,True,December,Day
708,2024-12-08,8,12,2024,4,49.0,True,December,Day
709,2024-12-09,9,12,2024,4,50.0,False,December,Day
710,2024-12-10,10,12,2024,4,50.0,False,December,Day
711,2024-12-11,11,12,2024,4,50.0,False,December,Day
712,2024-12-12,12,12,2024,4,50.0,False,December,Day
713,2024-12-13,13,12,2024,4,50.0,False,December,Day
714,2024-12-14,14,12,2024,4,50.0,True,December,Day
715,2024-12-15,15,12,2024,4,50.0,True,December,Day
716,2024-12-16,16,12,2024,4,51.0,False,December,Day
717,2024-12-17,17,12,2024,4,51.0,False,December,Day
718,2024-12-18,18,12,2024,4,51.0,False,December,Day
719,2024-12-19,19,12,2024,4,51.0,False,December,Day
720,2024-12-20,20,12,2024,4,51.0,False,December,Day
721,2024-12-21,21,12,2024,4,51.0,True,December,Day
722,2024-12-22,22,12,2024,4,51.0,True,December,Day
723,2024-12-23,23,12,2024,4,52.0,False,December,Day
724,2024-12-24,24,12,2024,4,52.0,False,December,Day
725,2024-12-25,25,12,2024,4,52.0,False,December,Day
726,2024-12-26,26,12,2024,4,52.0,False,December,Day
727,2024-12-27,27,12,2024,4,52.0,False,December,Day
728,2024-12-28,28,12,2024,4,52.0,True,December,Day
729,2024-12-29,29,12,2024,4,52.0,True,December,Day
730,2024-12-30,30,12,2024,4,1.0,False,December,Day
731,2024-12-31,31,12,2024,4,1.0,False,December,Day
732,2025-01-01,1,1,2025,1,1.0,False,January,Day
733,2025-01-02,2,1,2025,1,1.0,False,January,Day
734,2025-01-03,3,1,2025,1,1.0,False,January,Day
735,2025-01-04,4,1,2025,1,1.0,True,January,Day
736,2025-01-05,5,1,2025,1,1.0,True,January,Day
737,2025-01-06,6,1,2025,1,2.0,False,January,Day
738,2025-01-07,7,1,2025,1,2.0,False,January,Day
739,2025-01-08,8,1,2025,1,2.0,False,January,Day
740,2025-01-09,9,1,2025,1,2.0,False,January,Day
741,2025-01-10,10,1,2025,1,2.0,False,January,Day
742,2025-01-11,11,1,2025,1,2.0,True,January,Day
743,2025-01-12,12,1,2025,1,2.0,True,January,Day
744,2025-01-13,13,1,2025,1,3.0,False,January,Day
745,2025-01-14,14,1,2025,1,3.0,False,January,Day
746,2025-01-15,15,1,2025,1,3.0,False,January,Day
747,2025-01-16,16,1,2025,1,3.0,False,January,Day
748,2025-01-17,17,1,2025,1,3.0,False,January,Day
749,2025-01-18,18,1,2025,1,3.0,True,January,Day
750,2025-01-19,19,1,2025,1,3.0,True,January,Day
751,2025-01-20,20,1,2025,1,4.0,False,January,Day
752,2025-01-21,21,1,2025,1,4.0,False,January,Day
753,2025-01-22,22,1,2025,1,4.0,False,January,Day
754,2025-01-23,23,1,2025,1,4.0,False,January,Day
755,2025-01-24,24,1,2025,1,4.0,False,January,Day
756,2025-01-25,25,1,2025,1,4.0,True,January,Day
757,2025-01-26,26,1,2025,1,4.0,True,January,Day
758,2025-01-27,27,1,2025,1,5.0,False,January,Day
759,2025-01-28,28,1,2025,1,5.0,False,January,Day
760,2025-01-29,29,1,2025,1,5.0,False,January,Day
761,2025-01-30,30,1,2025,1,5.0,False,January,Day
762,2025-01-31,31,1,2025,1,5.0,False,January,Day
763,2025-02-01,1,2,2025,1,5.0,True,February,Day
764,2025-02-02,2,2,2025,1,5.0,True,February,Day
765,2025-02-03,3,2,2025,1,6.0,False,February,Day
766,2025-02-04,4,2,2025,1,6.0,False,February,Day
767,2025-02-05,5,2,2025,1,6.0,False,February,Day
768,2025-02-06,6,2,2025,1,6.0,False,February,Day
769,2025-02-07,7,2,2025,1,6.0,False,February,Day
770,2025-02-08,8,2,2025,1,6.0,True,February,Day
771,2025-02-09,9,2,2025,1,6.0,True,February,Day
772,2025-02-10,10,2,2025,1,7.0,False,February,Day
773,2025-02-11,11,2,2025,1,7.0,False,February,Day
774,2025-02-12,12,2,2025,1,7.0,False,February,Day
775,2025-02-13,13,2,2025,1,7.0,False,February,Day
776,2025-02-14,14,2,2025,1,7.0,False,February,Day
777,2025-02-15,15,2,2025,1,7.0,True,February,Day
778,2025-02-16,16,2,2025,1,7.0,True,February,Day
779,2025-02-17,17,2,2025,1,8.0,False,February,Day
780,2025-02-18,18,2,2025,1,8.0,False,February,Day
781,2025-02-19,19,2,2025,1,8.0,False,February,Day
782,2025-02-20,20,2,2025,1,8.0,False,February,Day
783,2025-02-21,21,2,2025,1,8.0,False,February,Day
784,2025-02-22,22,2,2025,1,8.0,True,February,Day
785,2025-02-23,23,2,2025,1,8.0,True,February,Day
786,2025-02-24,24,2,2025,1,9.0,False,February,Day
787,2025-02-25,25,2,2025,1,9.0,False,February,Day
788,2025-02-26,26,2,2025,1,9.0,False,February,Day
789,2025-02-27,27,2,2025,1,9.0,False,February,Day
790,2025-02-28,28,2,2025,1,9.0,False,February,Day
791,2025-03-01,1,3,2025,1,9.0,True,March,Day
792,2025-03-02,2,3,2025,1,9.0,True,March,Day
793,2025-03-03,3,3,2025,1,10.0,False,March,Day
794,2025-03-04,4,3,2025,1,10.0,False,March,Day
795,2025-03-05,5,3,2025,1,10.0,False,March,Day
796,2025-03-06,6,3,2025,1,10.0,False,March,Day
797,2025-03-07,7,3,2025,1,10.0,False,March,Day
798,2025-03-08,8,3,2025,1,10.0,True,March,Day
799,2025-03-09,9,3,2025,1,10.0,True,March,Day
800,2025-03-10,10,3,2025,1,11.0,False,March,Day
801,2025-03-11,11,3,2025,1,11.0,False,March,Day
802,2025-03-12,12,3,2025,1,11.0,False,March,Day
803,2025-03-13,13,3,2025,1,11.0,False,March,Day
804,2025-03-14,14,3,2025,1,11.0,False,March,Day
805,2025-03-15,15,3,2025,1,11.0,True,March,Day
806,2025-03-16,16,3,2025,1,11.0,True,March,Day
807,2025-03-17,17,3,2025,1,12.0,False,March,Day
808,2025-03-18,18,3,2025,1,12.0,False,March,Day
809,2025-03-19,19,3,2025,1,12.0,False,March,Day
810,2025-03-20,20,3,2025,1,12.0,False,March,Day
811,2025-03-21,21,3,2025,1,12.0,False,March,Day
812,2025-03-22,22,3,2025,1,12.0,True,March,Day
813,2025-03-23,23,3,2025,1,12.0,True,March,Day
814,2025-03-24,24,3,2025,1,13.0,False,March,Day
815,2025-03-25,25,3,2025,1,13.0,False,March,Day
816,2025-03-26,26,3,2025,1,13.0,False,March,Day
817,2025-03-27,27,3,2025,1,13.0,False,March,Day
818,2025-03-28,28,3,2025,1,13.0,False,March,Day
819,2025-03-29,29,3,2025,1,13.0,True,March,Day
820,2025-03-30,30,3,2025,1,13.0,True,March,Day
821,2025-03-31,31,3,2025,1,14.0,False,March,Day
822,2025-04-01,1,4,2025,2,14.0,False,April,Day
823,2025-04-02,2,4,2025,2,14.0,False,April,Day
824,2025-04-03,3,4,2025,2,14.0,False,April,Day
825,2025-04-04,4,4,2025,2,14.0,False,April,Day
826,2025-04-05,5,4,2025,2,14.0,True,April,Day
827,2025-04-06,6,4,2025,2,14.0,True,April,Day
828,2025-04-07,7,4,2025,2,15.0,False,April,Day
829,2025-04-08,8,4,2025,2,15.0,False,April,Day
830,2025-04-09,9,4,2025,2,15.0,False,April,Day
831,2025-04-10,10,4,2025,2,15.0,False,April,Day
832,2025-04-11,11,4,2025,2,15.0,False,April,Day
833,2025-04-12,12,4,2025,2,15.0,True,April,Day
834,2025-04-13,13,4,2025,2,15.0,True,April,Day
835,2025-04-14,14,4,2025,2,16.0,False,April,Day
836,2025-04-15,15,4,2025,2,16.0,False,April,Day
837,2025-04-16,16,4,2025,2,16.0,False,April,Day
838,2025-04-17,17,4,2025,2,16.0,False,April,Day
839,2025-04-18,18,4,2025,2,16.0,False,April,Day
840,2025-04-19,19,4,2025,2,16.0,True,April,Day
841,2025-04-20,20,4,2025,2,16.0,True,April,Day
842,2025-04-21,21,4,2025,2,17.0,False,April,Day
843,2025-04-22,22,4,2025,2,17.0,False,April,Day
844,2025-04-23,23,4,2025,2,17.0,False,April,Day
845,2025-04-24,24,4,2025,2,17.0,False,April,Day
846,2025-04-25,25,4,2025,2,17.0,False,April,Day
847,2025-04-26,26,4,2025,2,17.0,True,April,Day
848,2025-04-27,27,4,2025,2,17.0,True,April,Day
849,2025-04-28,28,4,2025,2,18.0,False,April,Day
850,2025-04-29,29,4,2025,2,18.0,False,April,Day
851,2023-01-01,1,1,2023,1,,False,January,Month
852,2023-02-01,1,2,2023,1,,False,February,Month
853,2023-03-01,1,3,2023,1,,False,March,Month
854,2023-04-01,1,4,2023,2,,False,April,Month
855,2023-05-01,1,5,2023,2,,False,May,Month
856,2023-06-01,1,6,2023,2,,False,June,Month
857,2023-07-01,1,7,2023,3,,False,July,Month
858,2023-08-01,1,8,2023,3,,False,August,Month
859,2023-09-01,1,9,2023,3,,False,September,Month
860,2023-10-01,1,10,2023,4,,False,October,Month
861,2023-11-01,1,11,2023,4,,False,November,Month
862,2023-12-01,1,12,2023,4,,False,December,Month
863,2024-01-01,1,1,2024,1,,False,January,Month
864,2024-02-01,1,2,2024,1,,False,February,Month
865,2024-03-01,1,3,2024,1,,False,March,Month
866,2024-04-01,1,4,2024,2,,False,April,Month
867,2024-05-01,1,5,2024,2,,False,May,Month
868,2024-06-01,1,6,2024,2,,False,June,Month
869,2024-07-01,1,7,2024,3,,False,July,Month
870,2024-08-01,1,8,2024,3,,False,August,Month
871,2024-09-01,1,9,2024,3,,False,September,Month
872,2024-10-01,1,10,2024,4,,False,October,Month
873,2024-11-01,1,11,2024,4,,False,November,Month
874,2024-12-01,1,12,2024,4,,False,December,Month
875,2025-01-01,1,1,2025,1,,False,January,Month
876,2025-02-01,1,2,2025,1,,False,February,Month
877,2025-03-01,1,3,2025,1,,False,March,Month
878,2025-04-01,1,4,2025,2,,False,April,Month
879,2023-01-01,1,1,2023,1,,False,January,Year
880,2024-01-01,1,1,2024,1,,False,January,Year
881,2025-01-01,1,1,2025,1,,False,January,Year
